{
  "globals": {
    "Component": true,
    "ComponentPublicInstance": true,
    "ComputedRef": true,
    "EffectScope": true,
    "ElMessage": true,
    "ElMessageBox": true,
    "InjectionKey": true,
    "PropType": true,
    "Ref": true,
    "VNode": true,
    "computed": true,
    "createApp": true,
    "customRef": true,
    "defineAsyncComponent": true,
    "defineComponent": true,
    "effectScope": true,
    "getCurrentInstance": true,
    "getCurrentScope": true,
    "h": true,
    "inject": true,
    "isProxy": true,
    "isReactive": true,
    "isReadonly": true,
    "isRef": true,
    "markRaw": true,
    "nextTick": true,
    "onActivated": true,
    "onBeforeMount": true,
    "onBeforeUnmount": true,
    "onBeforeUpdate": true,
    "onDeactivated": true,
    "onErrorCaptured": true,
    "onMounted": true,
    "onRenderTracked": true,
    "onRenderTriggered": true,
    "onScopeDispose": true,
    "onServerPrefetch": true,
    "onUnmounted": true,
    "onUpdated": true,
    "provide": true,
    "reactive": true,
    "readonly": true,
    "ref": true,
    "resolveComponent": true,
    "shallowReactive": true,
    "shallowReadonly": true,
    "shallowRef": true,
    "toRaw": true,
    "toRef": true,
    "toRefs": true,
    "triggerRef": true,
    "unref": true,
    "useAttrs": true,
    "useCssModule": true,
    "useCssVars": true,
    "useSlots": true,
    "watch": true,
    "watchEffect": true,
    "watchPostEffect": true,
    "watchSyncEffect": true
  }
}